{
	"format_version": "1.8.0",
	"animations": {
		"idle_animation": {
			"loop": true,
			"animation_length": 3.66667,
			"bones": {
				"right_wing": {
					"rotation": [0, 0, 0],
					"position": [0, 0, 0]
				},
				"left_wing": {
					"rotation": [0, 0, 0],
					"position": [0, 0, 0]
				},
				"head": {
					"rotation": {
						"0.0": [0, 0, 0],
						"0.125": [0, 0, 0],
						"0.2083": [0, 20, 0],
						"0.875": [0, 20, 0],
						"0.9167": [-7.05115, -2.32357, 2.86549],
						"1.125": [-7.05115, -2.32357, 2.86549],
						"1.25": [17.14014, -29.30073, 5.27381],
						"1.3333": [17.14014, -29.30073, 5.27381],
						"1.5": [17.14014, -29.30073, 5.27381],
						"1.5833": [45.34399, -38.54596, -4.89501],
						"1.7083": [22.84399, -38.54596, -4.89501],
						"1.8333": [45.34399, -38.54596, -4.89501],
						"1.9583": [22.84399, -38.54596, -4.89501],
						"2.0417": [45.34399, -38.54596, -4.89501],
						"2.125": [22.84399, -38.54596, -4.89501],
						"2.25": [0, 0, 0],
						"2.5": [0, 0, 0],
						"2.625": [-15, -27.5, 0],
						"2.875": [-15, -27.5, 0],
						"2.9583": [-10.90822, -8.09781, -5.12983],
						"3.1667": [-10.90822, -8.09781, -5.12983],
						"3.2917": [0, 0, 0]
					},
					"position": [0, 0, 0]
				},
				"body": {
					"rotation": [0, 0, 0],
					"position": [0, 0, 0]
				}
			}
		},
		"walk_animation": {
			"loop": true,
			"animation_length": 1.5,
			"bones": {
				"right_leg": {
					"rotation": [0, 0, 0],
					"position": {
						"0.0": [0, 0, -1],
						"0.25": [0, 0, 1],
						"0.375": [0, 0.5, 0],
						"0.5": [0, 0, -1],
						"0.75": [0, 0, 1],
						"0.875": [0, 0.5, 0],
						"1.0": [0, 0, -1],
						"1.25": [0, 0, 1],
						"1.375": [0, 0.5, 0],
						"1.5": [0, 0, -1]
					}
				},
				"left_leg": {
					"rotation": [0, 0, 0],
					"position": {
						"0.0": [0, 0, 1],
						"0.125": [0, 0.5, 0],
						"0.25": [0, 0, -1],
						"0.5": [0, 0, 1],
						"0.625": [0, 0.5, 0],
						"0.75": [0, 0, -1],
						"1.0": [0, 0, 1],
						"1.125": [0, 0.5, 0],
						"1.25": [0, 0, -1],
						"1.5": [0, 0, 1]
					}
				},
				"body": {
					"rotation": [0, 0, 0],
					"position": {
						"0.0": [0, 0, 0],
						"0.125": [0, 0.25, 0.1],
						"0.25": [0, 0, 0],
						"0.375": [0, 0.25, 0.1],
						"0.5": [0, 0, 0],
						"0.625": [0, 0.25, 0.1],
						"0.75": [0, 0, 0],
						"0.875": [0, 0.25, 0.1],
						"1.0": [0, 0, 0],
						"1.125": [0, 0.25, 0.1],
						"1.25": [0, 0, 0],
						"1.375": [0, 0.25, 0.1],
						"1.5": [0, 0, 0]
					}
				},
				"head": {
					"rotation": [0, 0, 0],
					"position": {
						"0.0": [0, 0, 0.5],
						"0.125": [0, 0.25, 0.1],
						"0.25": [0, 0, 0.5],
						"0.375": [0, 0.25, 0.15],
						"0.5": [0, 0, 0.5],
						"0.625": [0, 0.25, 0.12],
						"0.75": [0, 0, 0.5],
						"0.875": [0, 0.25, 0.1],
						"1.0": [0, 0, 0.5],
						"1.125": [0, 0.25, 0.13],
						"1.25": [0, 0, 0.5],
						"1.375": [0, 0.25, 0.13],
						"1.5": [0, 0, 0.5]
					}
				},
				"right_wing": {
					"rotation": [0, 0, 0],
					"position": {
						"0.0": [0, 0.5, 0],
						"0.125": [0, 0.75, 0],
						"0.25": [0, 0.5, 0],
						"0.375": [0, 0.75, 0],
						"0.5": [0, 0.5, 0],
						"0.625": [0, 0.75, 0],
						"0.75": [0, 0.5, 0],
						"0.875": [0, 0.75, 0],
						"1.0": [0, 0.5, 0],
						"1.125": [0, 0.75, 0],
						"1.25": [0, 0.5, 0],
						"1.375": [0, 0.75, 0],
						"1.5": [0, 0.5, 0]
					}
				},
				"left_wing": {
					"rotation": [0, 0, 0],
					"position": {
						"0.0": [0, 0.5, 0],
						"0.125": [0, 0.75, 0],
						"0.25": [0, 0.5, 0],
						"0.375": [0, 0.75, 0],
						"0.5": [0, 0.5, 0],
						"0.625": [0, 0.75, 0],
						"0.75": [0, 0.5, 0],
						"0.875": [0, 0.75, 0],
						"1.0": [0, 0.5, 0],
						"1.125": [0, 0.75, 0],
						"1.25": [0, 0.5, 0],
						"1.375": [0, 0.75, 0],
						"1.5": [0, 0.5, 0]
					}
				}
			}
		},
		"flying_animation": {
			"loop": true,
			"animation_length": 0.66667,
			"bones": {
				"right_leg": {
					"rotation": [20, 0, 0],
					"position": {
						"0.0": [0, 0.75, 0],
						"0.0833": [0, 0.8, 0],
						"0.1667": [0, 0.7, 0],
						"0.25": [0, 0.5, 0],
						"0.3333": [0, 0.05, 0],
						"0.4167": [0, 0.5, 0],
						"0.5": [0, 0.7, 0],
						"0.5833": [0, 0.5, 0],
						"0.6667": [0, 0.75, 0]
					}
				},
				"left_leg": {
					"rotation": [20, 0, 0],
					"position": {
						"0.0": [0, 0.75, 0],
						"0.0833": [0, 0.8, 0],
						"0.1667": [0, 0.7, 0],
						"0.25": [0, 0.5, 0],
						"0.3333": [0, 0.1, 0],
						"0.4167": [0, 0.5, 0],
						"0.5": [0, 0.7, 0],
						"0.5833": [0, 0.5, 0],
						"0.6667": [0, 0.75, 0]
					}
				},
				"body": {
					"position": {
						"0.0": [0, 0.5, 0],
						"0.3333": [0, 0, 0],
						"0.6667": [0, 0.5, 0]
					}
				},
				"head": {
					"position": {
						"0.0": [0, 0.5, 0],
						"0.4167": [0, -0.25, 0.1],
						"0.6667": [0, 0.5, 0]
					}
				},
				"right_wing": {
					"rotation": {
						"0.0": [0, 0, 0],
						"0.0833": [0, 0, 127.5],
						"0.1667": [0, 0, 0],
						"0.25": [0, 0, 127.5],
						"0.3333": [0, 0, 0],
						"0.4167": [0, 0, 127.5],
						"0.5": [0, 0, 0],
						"0.5833": [0, 0, 127.5],
						"0.6667": [0, 0, 0]
					},
					"position": {
						"0.0": [0, 0.5, 0],
						"0.3333": [0, 0, 0],
						"0.6667": [0, 0.5, 0]
					}
				},
				"left_wing": {
					"rotation": {
						"0.0": [0, 0, 0],
						"0.0833": [0, 0, -127.5],
						"0.1667": [0, 0, 0],
						"0.25": [0, 0, -127.5],
						"0.3333": [0, 0, 0],
						"0.4167": [0, 0, -127.5],
						"0.5": [0, 0, 0],
						"0.5833": [0, 0, -127.5],
						"0.6667": [0, 0, 0]
					},
					"position": {
						"0.0": [0, 0.5, 0],
						"0.3333": [0, 0, 0],
						"0.6667": [0, 0.5, 0]
					}
				}
			}
		},
		"munchy_animation": {
			"loop": true,
			"animation_length": 1.04167,
			"bones": {
				"body": {
					"rotation": {
						"0.0": [17.5, 0, 0],
						"0.2083": [27.5, 0, 0],
						"0.375": [17.5, 0, 0],
						"0.5417": [27.5, 0, 0],
						"0.7083": [17.5, 0, 0],
						"0.875": [27.5, 0, 0],
						"1.0417": [17.5, 0, 0]
					}
				},
				"head": {
					"rotation": {
						"0.0": [22.5, 0, 0],
						"0.1667": [85, 0, 0],
						"0.3333": [22.5, 0, 0],
						"0.5": [85, 0, 0],
						"0.6667": [22.5, 0, 0],
						"0.8333": [85, 0, 0],
						"1.0": [22.5, 0, 0]
					},
					"position": [0, -0.75, -0.75]
				},
				"right_wing": {
					"rotation": [22.5, 0, 0],
					"position": {
						"0.0": [0, 0, -0.5],
						"0.125": [0, -0.25, -0.5],
						"0.2917": [0, 0, -0.5],
						"0.4583": [0, -0.25, -0.5],
						"0.625": [0, 0, -0.5],
						"0.7917": [0, -0.25, -0.5],
						"0.9583": [0, 0, -0.5]
					}
				},
				"left_wing": {
					"rotation": [22.5, 0, 0],
					"position": {
						"0.0": [0, 0, -0.5],
						"0.125": [0, -0.25, -0.5],
						"0.2917": [0, 0, -0.5],
						"0.4583": [0, -0.25, -0.5],
						"0.625": [0, 0, -0.5],
						"0.7917": [0, -0.25, -0.5],
						"0.9583": [0, 0, -0.5]
					}
				}
			}
		}
	}
}